id_invoice,tanggal,id_barang,nama_barang,harga,unit,jumlah_barang,mata_uang,kode_barang,brand_id,kode_lini,lini,id_customer,nama,cabang_sales,id_cabang_sale,id_distributor,grup
IN5978,2022-05-25,BRG0001,"ACYCLOVIR DUS",1170,DUS,9,IDR,BRG0001,BRND001,206,"OGB & PH",CUST55670,"APOTEK SINAR JAYA",Bekasi,CAB06,TD,Apotek
IN5979,2022-03-28,BRG0009,"AMBROXOL HC",5781,DUS,18,IDR,BRG0009,BRND009,207,VNS,CUST55598,"APOTEK MAJA",Kuningan,CAB02,TA,Apotek
IN5980,2022-01-23,BRG0003,AMPICILLIN,10691,DUS,20,IDR,BRG0003,BRND003,210,MARCKS,CUST55432,"APOTEK TAPAK",Aceh,CAB01,TA,Apotek
IN5981,2022-01-28,BRG0004,"TRAMADOL KAPSUL 50 MG",8701,DUS,76,IDR,BRG0004,BRND004,201,VNS,CUST55443,"APOTEK MERDEKA",Bandung,CAB04,EPM,Apotek
IN5982,2022-01-30,BRG0006,"KETOCONAZOLE TABLET 200 MG",2819,DUS,5,IDR,BRG0006,BRND006,205,"OGB & PH",CUST55535,"APOTEK SINAR JAYA",Bekasi,CAB06,TD,Apotek
IN5983,2022-04-21,BRG0003,AMPICILLIN,10691,DUS,67,IDR,BRG0003,BRND003,210,MARCKS,CUST55622,"KLINIK GM",Jakarta,CAB03,EPM,Klinik
IN5984,2022-05-01,BRG0005,"KLORPROMAZINA TABLET SALUT SELAPUT 100 MG",5648,DUS,8,IDR,BRG0005,BRND005,203,SLCYL,CUST55714,"KLINIK SAHABAT",Tangerang,CAB05,TD,Klinik
IN5985,2022-04-18,BRG0001,"ACYCLOVIR DUS",1170,DUS,22,IDR,BRG0001,BRND001,206,"OGB & PH",CUST55640,"APOTEK SINAR JAYA",Bekasi,CAB06,TD,Apotek
IN5986,2022-02-15,BRG0002,"ALERGINE TABLET SALUT",3992,DUS,9,IDR,BRG0002,BRND008,203,MARCKS,CUST55557,"APOTEK SINAR JAYA",Bekasi,CAB06,TA,Apotek
IN5987,2022-04-19,BRG0010,PARACETAMOL,6940,DUS,14,IDR,BRG0010,BRND010,208,SLCYL,CUST55659,"KLINIK GM",Jakarta,CAB03,EPM,Klinik
IN5988,2022-02-09,BRG0002,"ALERGINE TABLET SALUT",2338,DUS,10,IDR,BRG0002,BRND002,203,ETIKAL,CUST55551,"APOTEK SAHABAT",Padang,CAB07,EPM,Apotek
IN5989,2022-05-01,BRG0010,PARACETAMOL,6940,DUS,67,IDR,BRG0010,BRND010,208,SLCYL,CUST55719,"KLINIK GM",Jakarta,CAB03,TA,Klinik
IN5990,2022-05-03,BRG0001,"ACYCLOVIR DUS",4592,DUS,10,IDR,BRG0001,BRND007,206,ETIKAL,CUST55706,"KLINIK SAHABAT",Tangerang,CAB05,TA,Klinik
IN5991,2022-01-23,BRG0005,"KLORPROMAZINA TABLET SALUT SELAPUT 100 MG",5648,DUS,24,IDR,BRG0005,BRND005,203,SLCYL,CUST55414,"KLINIK SAHABAT",Tangerang,CAB05,TD,Klinik
IN5992,2022-06-16,BRG0002,"ALERGINE TABLET SALUT",3992,DUS,23,IDR,BRG0002,BRND008,203,MARCKS,CUST55707,"APOTEK SINAR JAYA",Bekasi,CAB06,EPM,Apotek
IN5993,2022-05-26,BRG0002,"ALERGINE TABLET SALUT",2338,DUS,1,IDR,BRG0002,BRND002,203,ETIKAL,CUST55671,"APOTEK SAHABAT",Padang,CAB07,TD,Apotek
IN5994,2022-02-01,BRG0002,"ALERGINE TABLET SALUT",2338,DUS,12,IDR,BRG0002,BRND002,203,ETIKAL,CUST55411,"APOTEK MAJA",Kuningan,CAB02,TD,Apotek
IN5995,2022-04-06,BRG0008,"TETRACYCLINE KAPSUL 250 MG",3992,DUS,14,IDR,BRG0008,BRND008,204,MARCKS,CUST55607,"KLINIK GM",Jakarta,CAB03,TD,Klinik
IN5996,2022-05-25,BRG0007,"ERGOTAMINE COFFEINE",4592,DUS,22,IDR,BRG0007,BRND007,206,ETIKAL,CUST55656,"APOTEK SAHABAT",Padang,CAB07,EPM,Apotek
IN5997,2022-01-20,BRG0001,"ACYCLOVIR DUS",1170,DUS,1,IDR,BRG0001,BRND001,206,"OGB & PH",CUST55380,"APOTEK TAPAK",Aceh,CAB01,TD,Apotek
IN5998,2022-04-09,BRG0001,"ACYCLOVIR DUS",1170,DUS,23,IDR,BRG0001,BRND001,206,"OGB & PH",CUST55610,"APOTEK SINAR JAYA",Bekasi,CAB06,TD,Apotek
IN5999,2022-05-01,BRG0003,AMPICILLIN,10691,DUS,5,IDR,BRG0003,BRND003,210,MARCKS,CUST55632,"APOTEK SINAR JAYA",Bekasi,CAB06,EPM,Apotek
IN6000,2022-06-16,BRG0008,"TETRACYCLINE KAPSUL 250 MG",3992,DUS,7,IDR,BRG0008,BRND008,204,MARCKS,CUST55717,"APOTEK TAPAK",Aceh,CAB01,EPM,Apotek
IN6001,2022-04-02,BRG0004,"TRAMADOL KAPSUL 50 MG",8701,DUS,21,IDR,BRG0004,BRND004,201,VNS,CUST55603,"APOTEK SAHABAT",Padang,CAB07,TD,Apotek
IN6002,2022-02-04,BRG0007,"ERGOTAMINE COFFEINE",4592,DUS,14,IDR,BRG0007,BRND007,206,ETIKAL,CUST55546,"APOTEK MAJA",Kuningan,CAB02,TD,Apotek
IN6003,2022-01-27,BRG0005,"KLORPROMAZINA TABLET SALUT SELAPUT 100 MG",5648,DUS,9,IDR,BRG0005,BRND005,203,SLCYL,CUST55424,"KLINIK DR. ANDRI",Lampung,CAB08,TD,Klinik
IN6004,2022-05-01,BRG0010,PARACETAMOL,6940,DUS,5,IDR,BRG0010,BRND010,208,SLCYL,CUST55729,"KLINIK SAHABAT",Tangerang,CAB05,TA,Klinik
IN6005,2022-02-01,BRG0008,"TETRACYCLINE KAPSUL 250 MG",3992,DUS,12,IDR,BRG0008,BRND008,204,MARCKS,CUST55447,"APOTEK TAPAK",Aceh,CAB01,EPM,Apotek
IN6006,2022-02-12,BRG0005,"KLORPROMAZINA TABLET SALUT SELAPUT 100 MG",5648,DUS,5,IDR,BRG0005,BRND005,203,SLCYL,CUST55554,"KLINIK GM",Jakarta,CAB03,TA,Klinik
IN6007,2022-05-02,BRG0006,"KETOCONAZOLE TABLET 200 MG",2819,DUS,9,IDR,BRG0006,BRND006,205,"OGB & PH",CUST55715,"APOTEK SINAR JAYA",Bekasi,CAB06,TD,Apotek
IN6008,2022-01-30,BRG0004,"TRAMADOL KAPSUL 50 MG",6940,DUS,12,IDR,BRG0004,BRND010,201,SLCYL,CUST55469,"KLINIK DR. ANDRI",Lampung,CAB08,TA,Klinik
IN6009,2022-04-28,BRG0008,"TETRACYCLINE KAPSUL 250 MG",3992,DUS,76,IDR,BRG0008,BRND008,204,MARCKS,CUST55637,"KLINIK GM",Jakarta,CAB03,TD,Klinik
IN6010,2022-05-31,BRG0001,"ACYCLOVIR DUS",4592,DUS,5,IDR,BRG0001,BRND007,206,ETIKAL,CUST55676,"KLINIK SAHABAT",Tangerang,CAB05,EPM,Klinik
IN6011,2022-02-25,BRG0008,"TETRACYCLINE KAPSUL 250 MG",3992,DUS,10,IDR,BRG0008,BRND008,204,MARCKS,CUST55567,"APOTEK TAPAK",Aceh,CAB01,TA,Apotek
IN6012,2022-06-16,BRG0003,AMPICILLIN,10691,DUS,5,IDR,BRG0003,BRND003,210,MARCKS,CUST55712,"KLINIK GM",Jakarta,CAB03,TA,Klinik
IN6013,2022-01-28,BRG0002,"ALERGINE TABLET SALUT",3992,DUS,25,IDR,BRG0002,BRND008,203,MARCKS,CUST55407,"APOTEK SINAR JAYA",Bekasi,CAB06,TD,Apotek
IN6014,2022-03-21,BRG0002,"ALERGINE TABLET SALUT",2338,DUS,34,IDR,BRG0002,BRND002,203,ETIKAL,CUST55591,"APOTEK MAJA",Kuningan,CAB02,TA,Apotek
IN6015,2022-01-31,BRG0003,AMPICILLIN,10691,DUS,5,IDR,BRG0003,BRND003,210,MARCKS,CUST55482,"APOTEK SINAR JAYA",Bekasi,CAB06,TD,Apotek
IN6016,2022-03-09,BRG0010,PARACETAMOL,6940,DUS,5,IDR,BRG0010,BRND010,208,SLCYL,CUST55579,"KLINIK SAHABAT",Tangerang,CAB05,TD,Klinik
IN6017,2022-02-01,BRG0004,"TRAMADOL KAPSUL 50 MG",8701,DUS,23,IDR,BRG0004,BRND004,201,VNS,CUST55513,"APOTEK SAHABAT",Padang,CAB07,TA,Apotek
IN6018,2022-04-01,BRG0003,AMPICILLIN,10691,DUS,14,IDR,BRG0003,BRND003,210,MARCKS,CUST55602,"APOTEK SINAR JAYA",Bekasi,CAB06,EPM,Apotek
IN6019,2022-04-20,BRG0004,"TRAMADOL KAPSUL 50 MG",8701,DUS,12,IDR,BRG0004,BRND004,201,VNS,CUST55663,"APOTEK SAHABAT",Padang,CAB07,EPM,Apotek
IN6020,2022-03-11,BRG0002,"ALERGINE TABLET SALUT",2338,DUS,1,IDR,BRG0002,BRND002,203,ETIKAL,CUST55581,"APOTEK SAHABAT",Padang,CAB07,TA,Apotek
IN6021,2022-04-19,BRG0001,"ACYCLOVIR DUS",1170,DUS,7,IDR,BRG0001,BRND001,206,"OGB & PH",CUST55620,"APOTEK TAPAK",Aceh,CAB01,TD,Apotek
IN6022,2022-05-23,BRG0005,"KLORPROMAZINA TABLET SALUT SELAPUT 100 MG",5648,DUS,9,IDR,BRG0005,BRND005,203,SLCYL,CUST55654,"KLINIK SAHABAT",Tangerang,CAB05,TD,Klinik
IN6023,2022-02-01,BRG0010,PARACETAMOL,6940,DUS,15,IDR,BRG0010,BRND010,208,SLCYL,CUST55399,"KLINIK SAHABAT",Tangerang,CAB05,EPM,Klinik
IN6024,2022-01-27,BRG0005,"KLORPROMAZINA TABLET SALUT SELAPUT 100 MG",5648,DUS,12,IDR,BRG0005,BRND005,203,SLCYL,CUST55394,"KLINIK DR. ANDRI",Lampung,CAB08,TD,Klinik
IN6025,2022-01-30,BRG0004,"TRAMADOL KAPSUL 50 MG",8701,DUS,7,IDR,BRG0004,BRND004,201,VNS,CUST55523,"APOTEK MAJA",Kuningan,CAB02,TA,Apotek
IN6026,2022-02-16,BRG0003,AMPICILLIN,5781,DUS,21,IDR,BRG0003,BRND009,210,VNS,CUST55558,"APOTEK SAHABAT",Padang,CAB07,EPM,Apotek
IN6027,2022-04-11,BRG0003,AMPICILLIN,10691,DUS,10,IDR,BRG0003,BRND003,210,MARCKS,CUST55612,"APOTEK TAPAK",Aceh,CAB01,EPM,Apotek
IN6028,2022-01-23,BRG0001,"ACYCLOVIR DUS",1170,DUS,98,IDR,BRG0001,BRND001,206,"OGB & PH",CUST55420,"APOTEK MERDEKA",Bandung,CAB04,EPM,Apotek
IN6029,2022-01-28,BRG0010,PARACETAMOL,6940,DUS,4,IDR,BRG0010,BRND010,208,SLCYL,CUST55389,"KLINIK GM",Jakarta,CAB03,EPM,Klinik
IN6030,2022-05-01,BRG0004,"TRAMADOL KAPSUL 50 MG",6940,DUS,10,IDR,BRG0004,BRND010,201,SLCYL,CUST55709,"KLINIK DR. ANDRI",Lampung,CAB08,TA,Klinik
IN6031,2022-04-15,BRG0001,"ACYCLOVIR DUS",4592,DUS,4,IDR,BRG0001,BRND007,206,ETIKAL,CUST55616,"KLINIK SAHABAT",Tangerang,CAB05,TD,Klinik
IN6032,2022-06-03,BRG0004,"TRAMADOL KAPSUL 50 MG",6940,DUS,23,IDR,BRG0004,BRND010,201,SLCYL,CUST55679,"KLINIK DR. ANDRI",Lampung,CAB08,TA,Klinik
IN6033,2022-06-12,BRG0009,"AMBROXOL HC",5781,DUS,34,IDR,BRG0009,BRND009,207,VNS,CUST55688,"APOTEK MAJA",Kuningan,CAB02,TD,Apotek
IN6034,2022-02-20,BRG0003,AMPICILLIN,10691,DUS,14,IDR,BRG0003,BRND003,210,MARCKS,CUST55562,"KLINIK GM",Jakarta,CAB03,TD,Klinik
IN6035,2022-04-25,BRG0007,"ERGOTAMINE COFFEINE",4592,DUS,20,IDR,BRG0007,BRND007,206,ETIKAL,CUST55626,"APOTEK SAHABAT",Padang,CAB07,EPM,Apotek
IN6036,2022-01-27,BRG0009,"AMBROXOL HC",5781,DUS,23,IDR,BRG0009,BRND009,207,VNS,CUST55388,"APOTEK MAJA",Kuningan,CAB02,TA,Apotek
IN6037,2022-05-03,BRG0002,"ALERGINE TABLET SALUT",2338,DUS,45,IDR,BRG0002,BRND002,203,ETIKAL,CUST55721,"KLINIK SAHABAT",Tangerang,CAB05,TD,Klinik
IN6038,2022-01-30,BRG0008,"TETRACYCLINE KAPSUL 250 MG",3992,DUS,98,IDR,BRG0008,BRND008,204,MARCKS,CUST55517,"KLINIK GM",Jakarta,CAB03,TA,Klinik
IN6039,2022-01-23,BRG0001,"ACYCLOVIR DUS",1170,DUS,13,IDR,BRG0001,BRND001,206,"OGB & PH",CUST55480,"APOTEK MERDEKA",Bandung,CAB04,EPM,Apotek
IN6040,2022-01-31,BRG0001,"ACYCLOVIR DUS",1170,DUS,10,IDR,BRG0001,BRND001,206,"OGB & PH",CUST55470,"APOTEK TAPAK",Aceh,CAB01,EPM,Apotek
IN6041,2022-02-28,BRG0001,"ACYCLOVIR DUS",1170,DUS,5,IDR,BRG0001,BRND001,206,"OGB & PH",CUST55570,"APOTEK MERDEKA",Bandung,CAB04,TD,Apotek
IN6042,2022-01-31,BRG0009,"AMBROXOL HC",5781,DUS,67,IDR,BRG0009,BRND009,207,VNS,CUST55428,"APOTEK MERDEKA",Bandung,CAB04,TD,Apotek
IN6043,2022-03-10,BRG0001,"ACYCLOVIR DUS",1170,DUS,9,IDR,BRG0001,BRND001,206,"OGB & PH",CUST55580,"APOTEK SINAR JAYA",Bekasi,CAB06,TD,Apotek
IN6044,2022-05-01,BRG0005,"KLORPROMAZINA TABLET SALUT SELAPUT 100 MG",5648,DUS,18,IDR,BRG0005,BRND005,203,SLCYL,CUST55694,"KLINIK DR. ANDRI",Lampung,CAB08,TD,Klinik
IN6045,2022-01-31,BRG0007,"ERGOTAMINE COFFEINE",4592,DUS,21,IDR,BRG0007,BRND007,206,ETIKAL,CUST55506,"APOTEK SAHABAT",Padang,CAB07,TA,Apotek
IN6046,2022-06-15,BRG0002,"ALERGINE TABLET SALUT",2338,DUS,12,IDR,BRG0002,BRND002,203,ETIKAL,CUST55691,"KLINIK SAHABAT",Tangerang,CAB05,TD,Klinik
IN6047,2022-04-26,BRG0006,"KETOCONAZOLE TABLET 200 MG",2819,DUS,12,IDR,BRG0006,BRND006,205,"OGB & PH",CUST55635,"APOTEK TAPAK",Aceh,CAB01,TA,Apotek
IN6048,2022-01-31,BRG0005,"KLORPROMAZINA TABLET SALUT SELAPUT 100 MG",5648,DUS,25,IDR,BRG0005,BRND005,203,SLCYL,CUST55464,"KLINIK GM",Jakarta,CAB03,EPM,Klinik
IN6049,2022-01-28,BRG0010,PARACETAMOL,6940,DUS,9,IDR,BRG0010,BRND010,208,SLCYL,CUST55479,"KLINIK GM",Jakarta,CAB03,TA,Klinik
IN6050,2022-01-31,BRG0005,"KLORPROMAZINA TABLET SALUT SELAPUT 100 MG",5648,DUS,34,IDR,BRG0005,BRND005,203,SLCYL,CUST55434,"KLINIK GM",Jakarta,CAB03,TD,Klinik
IN6051,2022-03-23,BRG0004,"TRAMADOL KAPSUL 50 MG",8701,DUS,15,IDR,BRG0004,BRND004,201,VNS,CUST55593,"APOTEK MERDEKA",Bandung,CAB04,TD,Apotek
IN6052,2022-01-23,BRG0006,"KETOCONAZOLE TABLET 200 MG",2819,DUS,5,IDR,BRG0006,BRND006,205,"OGB & PH",CUST55385,"APOTEK SINAR JAYA",Bekasi,CAB06,TA,Apotek
IN6053,2022-01-28,BRG0002,"ALERGINE TABLET SALUT",3992,DUS,44,IDR,BRG0002,BRND008,203,MARCKS,CUST55437,"APOTEK SINAR JAYA",Bekasi,CAB06,EPM,Apotek
IN6054,2022-02-01,BRG0006,"KETOCONAZOLE TABLET 200 MG",2819,DUS,34,IDR,BRG0006,BRND006,205,"OGB & PH",CUST55435,"APOTEK MERDEKA",Bandung,CAB04,TD,Apotek
IN6055,2022-03-13,BRG0004,"TRAMADOL KAPSUL 50 MG",8701,DUS,4,IDR,BRG0004,BRND004,201,VNS,CUST55583,"APOTEK MAJA",Kuningan,CAB02,TD,Apotek
IN6056,2022-04-20,BRG0002,"ALERGINE TABLET SALUT",2338,DUS,100,IDR,BRG0002,BRND002,203,ETIKAL,CUST55621,"APOTEK MAJA",Kuningan,CAB02,TA,Apotek
IN6057,2022-05-17,BRG0003,AMPICILLIN,5781,DUS,10,IDR,BRG0003,BRND009,210,VNS,CUST55648,"APOTEK SAHABAT",Padang,CAB07,TA,Apotek
IN6058,2022-01-27,BRG0003,AMPICILLIN,10691,DUS,34,IDR,BRG0003,BRND003,210,MARCKS,CUST55532,"KLINIK GM",Jakarta,CAB03,TD,Klinik
IN6059,2022-06-07,BRG0004,"TRAMADOL KAPSUL 50 MG",8701,DUS,11,IDR,BRG0004,BRND004,201,VNS,CUST55683,"APOTEK MERDEKA",Bandung,CAB04,EPM,Apotek
IN6060,2022-02-01,BRG0004,"TRAMADOL KAPSUL 50 MG",8701,DUS,22,IDR,BRG0004,BRND004,201,VNS,CUST55543,"APOTEK SAHABAT",Padang,CAB07,TD,Apotek
IN6061,2022-02-24,BRG0007,"ERGOTAMINE COFFEINE",4592,DUS,12,IDR,BRG0007,BRND007,206,ETIKAL,CUST55566,"APOTEK SAHABAT",Padang,CAB07,TD,Apotek
IN6062,2022-01-27,BRG0001,"ACYCLOVIR DUS",1170,DUS,12,IDR,BRG0001,BRND001,206,"OGB & PH",CUST55490,"APOTEK SINAR JAYA",Bekasi,CAB06,TA,Apotek
IN6063,2022-02-01,BRG0008,"TETRACYCLINE KAPSUL 250 MG",3992,DUS,12,IDR,BRG0008,BRND008,204,MARCKS,CUST55417,"APOTEK TAPAK",Aceh,CAB01,TD,Apotek
IN6064,2022-01-28,BRG0006,"KETOCONAZOLE TABLET 200 MG",2819,DUS,10,IDR,BRG0006,BRND006,205,"OGB & PH",CUST55515,"APOTEK TAPAK",Aceh,CAB01,TD,Apotek
IN6065,2022-01-23,BRG0005,"KLORPROMAZINA TABLET SALUT SELAPUT 100 MG",5648,DUS,4,IDR,BRG0005,BRND005,203,SLCYL,CUST55474,"KLINIK SAHABAT",Tangerang,CAB05,EPM,Klinik
IN6066,2022-01-27,BRG0009,"AMBROXOL HC",5781,DUS,12,IDR,BRG0009,BRND009,207,VNS,CUST55538,"APOTEK MAJA",Kuningan,CAB02,EPM,Apotek
IN6067,2022-05-01,BRG0005,"KLORPROMAZINA TABLET SALUT SELAPUT 100 MG",5648,DUS,14,IDR,BRG0005,BRND005,203,SLCYL,CUST55704,"KLINIK GM",Jakarta,CAB03,TD,Klinik
IN6068,2022-01-31,BRG0007,"ERGOTAMINE COFFEINE",4592,DUS,6,IDR,BRG0007,BRND007,206,ETIKAL,CUST55536,"APOTEK SAHABAT",Padang,CAB07,TD,Apotek
IN6069,2022-03-01,BRG0002,"ALERGINE TABLET SALUT",2338,DUS,4,IDR,BRG0002,BRND002,203,ETIKAL,CUST55571,"KLINIK SAHABAT",Tangerang,CAB05,TA,Klinik
IN6070,2022-01-28,BRG0006,"KETOCONAZOLE TABLET 200 MG",2819,DUS,23,IDR,BRG0006,BRND006,205,"OGB & PH",CUST55485,"APOTEK TAPAK",Aceh,CAB01,TD,Apotek
IN6071,2022-04-27,BRG0007,"ERGOTAMINE COFFEINE",4592,DUS,95,IDR,BRG0007,BRND007,206,ETIKAL,CUST55636,"APOTEK MAJA",Kuningan,CAB02,EPM,Apotek
IN6072,2022-02-01,BRG0008,"TETRACYCLINE KAPSUL 250 MG",3992,DUS,1,IDR,BRG0008,BRND008,204,MARCKS,CUST55477,"APOTEK TAPAK",Aceh,CAB01,EPM,Apotek
IN6073,2022-04-27,BRG0009,"AMBROXOL HC",5781,DUS,34,IDR,BRG0009,BRND009,207,VNS,CUST55628,"APOTEK MAJA",Kuningan,CAB02,TA,Apotek
IN6074,2022-01-27,BRG0003,AMPICILLIN,10691,DUS,98,IDR,BRG0003,BRND003,210,MARCKS,CUST55472,"KLINIK GM",Jakarta,CAB03,TD,Klinik
IN6075,2022-04-16,BRG0009,"AMBROXOL HC",5781,DUS,48,IDR,BRG0009,BRND009,207,VNS,CUST55638,"APOTEK MERDEKA",Bandung,CAB04,TA,Apotek
IN6076,2022-03-24,BRG0005,"KLORPROMAZINA TABLET SALUT SELAPUT 100 MG",5648,DUS,12,IDR,BRG0005,BRND005,203,SLCYL,CUST55594,"KLINIK SAHABAT",Tangerang,CAB05,TA,Klinik
IN6077,2022-05-16,BRG0002,"ALERGINE TABLET SALUT",3992,DUS,12,IDR,BRG0002,BRND008,203,MARCKS,CUST55647,"APOTEK SINAR JAYA",Bekasi,CAB06,TD,Apotek
IN6078,2022-03-30,BRG0001,"ACYCLOVIR DUS",1170,DUS,12,IDR,BRG0001,BRND001,206,"OGB & PH",CUST55600,"APOTEK MERDEKA",Bandung,CAB04,TD,Apotek
IN6079,2022-01-31,BRG0005,"KLORPROMAZINA TABLET SALUT SELAPUT 100 MG",5648,DUS,34,IDR,BRG0005,BRND005,203,SLCYL,CUST55494,"KLINIK GM",Jakarta,CAB03,EPM,Klinik
IN6080,2022-03-26,BRG0007,"ERGOTAMINE COFFEINE",4592,DUS,14,IDR,BRG0007,BRND007,206,ETIKAL,CUST55596,"APOTEK SAHABAT",Padang,CAB07,TD,Apotek
IN6081,2022-03-19,BRG0004,"TRAMADOL KAPSUL 50 MG",6940,DUS,25,IDR,BRG0004,BRND010,201,SLCYL,CUST55589,"KLINIK DR. ANDRI",Lampung,CAB08,TD,Klinik
IN6082,2022-04-16,BRG0002,"ALERGINE TABLET SALUT",3992,DUS,8,IDR,BRG0002,BRND008,203,MARCKS,CUST55617,"APOTEK SINAR JAYA",Bekasi,CAB06,TD,Apotek
IN6083,2022-01-30,BRG0008,"TETRACYCLINE KAPSUL 250 MG",3992,DUS,2,IDR,BRG0008,BRND008,204,MARCKS,CUST55487,"KLINIK GM",Jakarta,CAB03,EPM,Klinik
IN6084,2022-02-01,BRG0002,"ALERGINE TABLET SALUT",2338,DUS,67,IDR,BRG0002,BRND002,203,ETIKAL,CUST55471,"APOTEK MAJA",Kuningan,CAB02,TD,Apotek
IN6085,2022-03-31,BRG0002,"ALERGINE TABLET SALUT",2338,DUS,25,IDR,BRG0002,BRND002,203,ETIKAL,CUST55601,"KLINIK SAHABAT",Tangerang,CAB05,TA,Klinik
IN6086,2022-01-23,BRG0003,AMPICILLIN,5781,DUS,14,IDR,BRG0003,BRND009,210,VNS,CUST55408,"APOTEK SAHABAT",Padang,CAB07,TD,Apotek
IN6087,2022-02-18,BRG0001,"ACYCLOVIR DUS",1170,DUS,12,IDR,BRG0001,BRND001,206,"OGB & PH",CUST55560,"APOTEK TAPAK",Aceh,CAB01,TA,Apotek
IN6088,2022-02-06,BRG0009,"AMBROXOL HC",5781,DUS,10,IDR,BRG0009,BRND009,207,VNS,CUST55548,"APOTEK MERDEKA",Bandung,CAB04,EPM,Apotek
IN6089,2022-01-25,BRG0007,"ERGOTAMINE COFFEINE",4592,DUS,9,IDR,BRG0007,BRND007,206,ETIKAL,CUST55386,"APOTEK SAHABAT",Padang,CAB07,EPM,Apotek
IN6090,2022-05-24,BRG0006,"KETOCONAZOLE TABLET 200 MG",2819,DUS,21,IDR,BRG0006,BRND006,205,"OGB & PH",CUST55655,"APOTEK SINAR JAYA",Bekasi,CAB06,TA,Apotek
IN6091,2022-06-11,BRG0008,"TETRACYCLINE KAPSUL 250 MG",3992,DUS,14,IDR,BRG0008,BRND008,204,MARCKS,CUST55687,"APOTEK TAPAK",Aceh,CAB01,TD,Apotek
IN6092,2022-03-14,BRG0005,"KLORPROMAZINA TABLET SALUT SELAPUT 100 MG",5648,DUS,2,IDR,BRG0005,BRND005,203,SLCYL,CUST55584,"KLINIK GM",Jakarta,CAB03,TA,Klinik
IN6093,2022-05-29,BRG0005,"KLORPROMAZINA TABLET SALUT SELAPUT 100 MG",5648,DUS,13,IDR,BRG0005,BRND005,203,SLCYL,CUST55674,"KLINIK GM",Jakarta,CAB03,TD,Klinik
IN6094,2022-05-02,BRG0001,"ACYCLOVIR DUS",1170,DUS,67,IDR,BRG0001,BRND001,206,"OGB & PH",CUST55710,"APOTEK TAPAK",Aceh,CAB01,EPM,Apotek
IN6095,2022-01-27,BRG0009,"AMBROXOL HC",5781,DUS,5,IDR,BRG0009,BRND009,207,VNS,CUST55478,"APOTEK MAJA",Kuningan,CAB02,TD,Apotek
IN6096,2022-02-19,BRG0002,"ALERGINE TABLET SALUT",2338,DUS,25,IDR,BRG0002,BRND002,203,ETIKAL,CUST55561,"APOTEK MAJA",Kuningan,CAB02,EPM,Apotek
IN6097,2022-04-30,BRG0009,"AMBROXOL HC",5781,DUS,100,IDR,BRG0009,BRND009,207,VNS,CUST55718,"APOTEK MAJA",Kuningan,CAB02,TD,Apotek
IN6098,2022-03-29,BRG0010,PARACETAMOL,6940,DUS,19,IDR,BRG0010,BRND010,208,SLCYL,CUST55599,"KLINIK GM",Jakarta,CAB03,EPM,Klinik
IN6099,2022-01-30,BRG0008,"TETRACYCLINE KAPSUL 250 MG",3992,DUS,5,IDR,BRG0008,BRND008,204,MARCKS,CUST55457,"KLINIK GM",Jakarta,CAB03,EPM,Klinik
IN6100,2022-06-01,BRG0002,"ALERGINE TABLET SALUT",3992,DUS,9,IDR,BRG0002,BRND008,203,MARCKS,CUST55677,"APOTEK SINAR JAYA",Bekasi,CAB06,TD,Apotek
IN6101,2022-04-30,BRG0004,"TRAMADOL KAPSUL 50 MG",8701,DUS,20,IDR,BRG0004,BRND004,201,VNS,CUST55723,"APOTEK SAHABAT",Padang,CAB07,EPM,Apotek
IN6102,2022-01-31,BRG0003,AMPICILLIN,10691,DUS,11,IDR,BRG0003,BRND003,210,MARCKS,CUST55392,"APOTEK SINAR JAYA",Bekasi,CAB06,TA,Apotek
IN6103,2022-01-27,BRG0001,"ACYCLOVIR DUS",4592,DUS,15,IDR,BRG0001,BRND007,206,ETIKAL,CUST55496,"KLINIK SAHABAT",Tangerang,CAB05,TA,Klinik
IN6104,2022-01-30,BRG0004,"TRAMADOL KAPSUL 50 MG",8701,DUS,45,IDR,BRG0004,BRND004,201,VNS,CUST55433,"APOTEK MAJA",Kuningan,CAB02,EPM,Apotek
IN6105,2022-05-02,BRG0001,"ACYCLOVIR DUS",1170,DUS,21,IDR,BRG0001,BRND001,206,"OGB & PH",CUST55700,"APOTEK SINAR JAYA",Bekasi,CAB06,EPM,Apotek
IN6106,2022-04-30,BRG0004,"TRAMADOL KAPSUL 50 MG",8701,DUS,4,IDR,BRG0004,BRND004,201,VNS,CUST55713,"APOTEK MERDEKA",Bandung,CAB04,EPM,Apotek
IN6107,2022-01-30,BRG0002,"ALERGINE TABLET SALUT",2338,DUS,24,IDR,BRG0002,BRND002,203,ETIKAL,CUST55511,"KLINIK SAHABAT",Tangerang,CAB05,EPM,Klinik
IN6108,2022-01-30,BRG0004,"TRAMADOL KAPSUL 50 MG",6940,DUS,21,IDR,BRG0004,BRND010,201,SLCYL,CUST55409,"KLINIK DR. ANDRI",Lampung,CAB08,TA,Klinik
IN6109,2022-06-16,BRG0003,AMPICILLIN,10691,DUS,12,IDR,BRG0003,BRND003,210,MARCKS,CUST55702,"APOTEK TAPAK",Aceh,CAB01,TA,Apotek
IN6110,2022-03-06,BRG0007,"ERGOTAMINE COFFEINE",4592,DUS,9,IDR,BRG0007,BRND007,206,ETIKAL,CUST55576,"APOTEK MAJA",Kuningan,CAB02,TD,Apotek
IN6111,2022-05-26,BRG0008,"TETRACYCLINE KAPSUL 250 MG",3992,DUS,12,IDR,BRG0008,BRND008,204,MARCKS,CUST55657,"APOTEK TAPAK",Aceh,CAB01,TD,Apotek
IN6112,2022-05-03,BRG0007,"ERGOTAMINE COFFEINE",4592,DUS,34,IDR,BRG0007,BRND007,206,ETIKAL,CUST55726,"APOTEK MAJA",Kuningan,CAB02,TA,Apotek
IN6113,2022-01-27,BRG0001,"ACYCLOVIR DUS",1170,DUS,12,IDR,BRG0001,BRND001,206,"OGB & PH",CUST55400,"APOTEK SINAR JAYA",Bekasi,CAB06,TD,Apotek
IN6114,2022-02-27,BRG0010,PARACETAMOL,6940,DUS,98,IDR,BRG0010,BRND010,208,SLCYL,CUST55569,"KLINIK GM",Jakarta,CAB03,TD,Klinik
IN6115,2022-05-03,BRG0007,"ERGOTAMINE COFFEINE",4592,DUS,10,IDR,BRG0007,BRND007,206,ETIKAL,CUST55716,"APOTEK SAHABAT",Padang,CAB07,TA,Apotek
IN6116,2022-01-28,BRG0006,"KETOCONAZOLE TABLET 200 MG",2819,DUS,67,IDR,BRG0006,BRND006,205,"OGB & PH",CUST55455,"APOTEK TAPAK",Aceh,CAB01,TD,Apotek
IN6117,2022-05-22,BRG0008,"TETRACYCLINE KAPSUL 250 MG",3992,DUS,5,IDR,BRG0008,BRND008,204,MARCKS,CUST55667,"KLINIK GM",Jakarta,CAB03,TD,Klinik
IN6118,2022-01-27,BRG0003,AMPICILLIN,10691,DUS,19,IDR,BRG0003,BRND003,210,MARCKS,CUST55502,"KLINIK GM",Jakarta,CAB03,TD,Klinik
IN6119,2022-01-28,BRG0010,PARACETAMOL,6940,DUS,14,IDR,BRG0010,BRND010,208,SLCYL,CUST55449,"KLINIK GM",Jakarta,CAB03,TA,Klinik
IN6120,2022-02-01,BRG0006,"KETOCONAZOLE TABLET 200 MG",2819,DUS,14,IDR,BRG0006,BRND006,205,"OGB & PH",CUST55465,"APOTEK MERDEKA",Bandung,CAB04,TD,Apotek
IN6121,2022-05-21,BRG0007,"ERGOTAMINE COFFEINE",4592,DUS,98,IDR,BRG0007,BRND007,206,ETIKAL,CUST55666,"APOTEK MAJA",Kuningan,CAB02,EPM,Apotek
IN6122,2022-01-30,BRG0006,"KETOCONAZOLE TABLET 200 MG",2819,DUS,21,IDR,BRG0006,BRND006,205,"OGB & PH",CUST55445,"APOTEK SINAR JAYA",Bekasi,CAB06,TD,Apotek
IN6123,2022-06-16,BRG0008,"TETRACYCLINE KAPSUL 250 MG",3992,DUS,12,IDR,BRG0008,BRND008,204,MARCKS,CUST55697,"KLINIK GM",Jakarta,CAB03,TD,Klinik
IN6124,2022-01-27,BRG0003,AMPICILLIN,10691,DUS,95,IDR,BRG0003,BRND003,210,MARCKS,CUST55442,"KLINIK GM",Jakarta,CAB03,TA,Klinik
IN6125,2022-01-23,BRG0003,AMPICILLIN,10691,DUS,14,IDR,BRG0003,BRND003,210,MARCKS,CUST55402,"APOTEK TAPAK",Aceh,CAB01,TA,Apotek
IN6126,2022-04-23,BRG0005,"KLORPROMAZINA TABLET SALUT SELAPUT 100 MG",5648,DUS,45,IDR,BRG0005,BRND005,203,SLCYL,CUST55624,"KLINIK SAHABAT",Tangerang,CAB05,TD,Klinik
IN6127,2022-04-24,BRG0006,"KETOCONAZOLE TABLET 200 MG",2819,DUS,34,IDR,BRG0006,BRND006,205,"OGB & PH",CUST55625,"APOTEK SINAR JAYA",Bekasi,CAB06,TA,Apotek
IN6128,2022-02-01,BRG0008,"TETRACYCLINE KAPSUL 250 MG",3992,DUS,79,IDR,BRG0008,BRND008,204,MARCKS,CUST55537,"APOTEK TAPAK",Aceh,CAB01,TA,Apotek
IN6129,2022-02-14,BRG0001,"ACYCLOVIR DUS",4592,DUS,8,IDR,BRG0001,BRND007,206,ETIKAL,CUST55556,"KLINIK SAHABAT",Tangerang,CAB05,TD,Klinik
IN6130,2022-01-31,BRG0009,"AMBROXOL HC",5781,DUS,5,IDR,BRG0009,BRND009,207,VNS,CUST55518,"APOTEK MERDEKA",Bandung,CAB04,EPM,Apotek
IN6131,2022-01-27,BRG0009,"AMBROXOL HC",5781,DUS,10,IDR,BRG0009,BRND009,207,VNS,CUST55418,"APOTEK MAJA",Kuningan,CAB02,TD,Apotek
IN6132,2022-04-30,BRG0003,AMPICILLIN,5781,DUS,12,IDR,BRG0003,BRND009,210,VNS,CUST55708,"APOTEK SAHABAT",Padang,CAB07,TD,Apotek
IN6133,2022-02-01,BRG0010,PARACETAMOL,6940,DUS,78,IDR,BRG0010,BRND010,208,SLCYL,CUST55429,"KLINIK SAHABAT",Tangerang,CAB05,TA,Klinik
IN6134,2022-02-01,BRG0002,"ALERGINE TABLET SALUT",2338,DUS,12,IDR,BRG0002,BRND002,203,ETIKAL,CUST55441,"APOTEK MAJA",Kuningan,CAB02,TD,Apotek
IN6135,2022-02-08,BRG0001,"ACYCLOVIR DUS",1170,DUS,12,IDR,BRG0001,BRND001,206,"OGB & PH",CUST55550,"APOTEK SINAR JAYA",Bekasi,CAB06,TA,Apotek
IN6136,2022-01-27,BRG0001,"ACYCLOVIR DUS",4592,DUS,78,IDR,BRG0001,BRND007,206,ETIKAL,CUST55526,"KLINIK SAHABAT",Tangerang,CAB05,TD,Klinik
IN6137,2022-03-03,BRG0004,"TRAMADOL KAPSUL 50 MG",8701,DUS,9,IDR,BRG0004,BRND004,201,VNS,CUST55573,"APOTEK SAHABAT",Padang,CAB07,TD,Apotek
IN6138,2022-04-18,BRG0002,"ALERGINE TABLET SALUT",2338,DUS,10,IDR,BRG0002,BRND002,203,ETIKAL,CUST55661,"KLINIK SAHABAT",Tangerang,CAB05,TD,Klinik
IN6139,2022-04-22,BRG0004,"TRAMADOL KAPSUL 50 MG",8701,DUS,78,IDR,BRG0004,BRND004,201,VNS,CUST55623,"APOTEK MERDEKA",Bandung,CAB04,TD,Apotek
IN6140,2022-03-25,BRG0006,"KETOCONAZOLE TABLET 200 MG",2819,DUS,25,IDR,BRG0006,BRND006,205,"OGB & PH",CUST55595,"APOTEK SINAR JAYA",Bekasi,CAB06,EPM,Apotek
IN6141,2022-01-28,BRG0002,"ALERGINE TABLET SALUT",2338,DUS,25,IDR,BRG0002,BRND002,203,ETIKAL,CUST55401,"APOTEK SAHABAT",Padang,CAB07,TD,Apotek
IN6142,2022-05-01,BRG0005,"KLORPROMAZINA TABLET SALUT SELAPUT 100 MG",5648,DUS,45,IDR,BRG0005,BRND005,203,SLCYL,CUST55724,"KLINIK DR. ANDRI",Lampung,CAB08,TD,Klinik
IN6143,2022-05-02,BRG0006,"KETOCONAZOLE TABLET 200 MG",2819,DUS,24,IDR,BRG0006,BRND006,205,"OGB & PH",CUST55705,"APOTEK MERDEKA",Bandung,CAB04,TD,Apotek
IN6144,2022-01-22,BRG0004,"TRAMADOL KAPSUL 50 MG",8701,DUS,13,IDR,BRG0004,BRND004,201,VNS,CUST55383,"APOTEK MERDEKA",Bandung,CAB04,EPM,Apotek
IN6145,2022-04-20,BRG0003,AMPICILLIN,10691,DUS,25,IDR,BRG0003,BRND003,210,MARCKS,CUST55642,"APOTEK TAPAK",Aceh,CAB01,EPM,Apotek
IN6146,2022-01-27,BRG0003,AMPICILLIN,10691,DUS,25,IDR,BRG0003,BRND003,210,MARCKS,CUST55412,"KLINIK GM",Jakarta,CAB03,TA,Klinik
IN6147,2022-02-13,BRG0006,"KETOCONAZOLE TABLET 200 MG",2819,DUS,4,IDR,BRG0006,BRND006,205,"OGB & PH",CUST55555,"APOTEK MERDEKA",Bandung,CAB04,EPM,Apotek
IN6148,2022-01-31,BRG0007,"ERGOTAMINE COFFEINE",4592,DUS,9,IDR,BRG0007,BRND007,206,ETIKAL,CUST55476,"APOTEK SAHABAT",Padang,CAB07,TA,Apotek
IN6149,2022-03-20,BRG0001,"ACYCLOVIR DUS",1170,DUS,14,IDR,BRG0001,BRND001,206,"OGB & PH",CUST55590,"APOTEK TAPAK",Aceh,CAB01,TD,Apotek
IN6150,2022-05-20,BRG0002,"ALERGINE TABLET SALUT",2338,DUS,5,IDR,BRG0002,BRND002,203,ETIKAL,CUST55651,"APOTEK MAJA",Kuningan,CAB02,TD,Apotek
IN6151,2022-05-02,BRG0001,"ACYCLOVIR DUS",1170,DUS,78,IDR,BRG0001,BRND001,206,"OGB & PH",CUST55720,"APOTEK MERDEKA",Bandung,CAB04,EPM,Apotek
IN6152,2022-01-31,BRG0003,AMPICILLIN,10691,DUS,10,IDR,BRG0003,BRND003,210,MARCKS,CUST55512,"APOTEK SINAR JAYA",Bekasi,CAB06,TD,Apotek
IN6153,2022-03-27,BRG0008,"TETRACYCLINE KAPSUL 250 MG",3992,DUS,18,IDR,BRG0008,BRND008,204,MARCKS,CUST55597,"APOTEK TAPAK",Aceh,CAB01,TD,Apotek
IN6154,2022-04-19,BRG0002,"ALERGINE TABLET SALUT",2338,DUS,12,IDR,BRG0002,BRND002,203,ETIKAL,CUST55641,"APOTEK SAHABAT",Padang,CAB07,TA,Apotek
IN6155,2022-01-21,BRG0003,AMPICILLIN,10691,DUS,9,IDR,BRG0003,BRND003,210,MARCKS,CUST55382,"KLINIK GM",Jakarta,CAB03,TA,Klinik
IN6156,2022-04-07,BRG0009,"AMBROXOL HC",5781,DUS,24,IDR,BRG0009,BRND009,207,VNS,CUST55608,"APOTEK MERDEKA",Bandung,CAB04,TA,Apotek
IN6157,2022-04-12,BRG0004,"TRAMADOL KAPSUL 50 MG",8701,DUS,67,IDR,BRG0004,BRND004,201,VNS,CUST55613,"APOTEK MAJA",Kuningan,CAB02,TD,Apotek
IN6158,2022-05-01,BRG0010,PARACETAMOL,6940,DUS,14,IDR,BRG0010,BRND010,208,SLCYL,CUST55699,"KLINIK SAHABAT",Tangerang,CAB05,TA,Klinik
IN6159,2022-06-13,BRG0010,PARACETAMOL,6940,DUS,67,IDR,BRG0010,BRND010,208,SLCYL,CUST55689,"KLINIK GM",Jakarta,CAB03,TA,Klinik
IN6160,2022-05-27,BRG0003,AMPICILLIN,10691,DUS,5,IDR,BRG0003,BRND003,210,MARCKS,CUST55672,"APOTEK TAPAK",Aceh,CAB01,TA,Apotek
IN6161,2022-01-27,BRG0001,"ACYCLOVIR DUS",4592,DUS,24,IDR,BRG0001,BRND007,206,ETIKAL,CUST55466,"KLINIK SAHABAT",Tangerang,CAB05,TA,Klinik
IN6162,2022-01-28,BRG0004,"TRAMADOL KAPSUL 50 MG",8701,DUS,12,IDR,BRG0004,BRND004,201,VNS,CUST55503,"APOTEK MERDEKA",Bandung,CAB04,TA,Apotek
IN6163,2022-01-30,BRG0002,"ALERGINE TABLET SALUT",2338,DUS,5,IDR,BRG0002,BRND002,203,ETIKAL,CUST55421,"KLINIK SAHABAT",Tangerang,CAB05,TD,Klinik
IN6164,2022-03-08,BRG0009,"AMBROXOL HC",5781,DUS,1,IDR,BRG0009,BRND009,207,VNS,CUST55578,"APOTEK MERDEKA",Bandung,CAB04,EPM,Apotek
IN6165,2022-06-16,BRG0003,AMPICILLIN,10691,DUS,34,IDR,BRG0003,BRND003,210,MARCKS,CUST55722,"APOTEK SINAR JAYA",Bekasi,CAB06,TA,Apotek
IN6166,2022-05-30,BRG0006,"KETOCONAZOLE TABLET 200 MG",2819,DUS,1,IDR,BRG0006,BRND006,205,"OGB & PH",CUST55675,"APOTEK MERDEKA",Bandung,CAB04,TA,Apotek
IN6167,2022-01-28,BRG0002,"ALERGINE TABLET SALUT",2338,DUS,12,IDR,BRG0002,BRND002,203,ETIKAL,CUST55491,"APOTEK SAHABAT",Padang,CAB07,EPM,Apotek
IN6168,2022-05-13,BRG0005,"KLORPROMAZINA TABLET SALUT SELAPUT 100 MG",5648,DUS,24,IDR,BRG0005,BRND005,203,SLCYL,CUST55644,"KLINIK GM",Jakarta,CAB03,TD,Klinik
IN6169,2022-05-20,BRG0006,"KETOCONAZOLE TABLET 200 MG",2819,DUS,67,IDR,BRG0006,BRND006,205,"OGB & PH",CUST55665,"APOTEK TAPAK",Aceh,CAB01,TA,Apotek
IN6170,2022-01-30,BRG0006,"KETOCONAZOLE TABLET 200 MG",2819,DUS,14,IDR,BRG0006,BRND006,205,"OGB & PH",CUST55505,"APOTEK SINAR JAYA",Bekasi,CAB06,TD,Apotek
IN6171,2022-02-03,BRG0006,"KETOCONAZOLE TABLET 200 MG",2819,DUS,25,IDR,BRG0006,BRND006,205,"OGB & PH",CUST55545,"APOTEK TAPAK",Aceh,CAB01,EPM,Apotek
IN6172,2022-01-28,BRG0002,"ALERGINE TABLET SALUT",3992,DUS,12,IDR,BRG0002,BRND008,203,MARCKS,CUST55497,"APOTEK SINAR JAYA",Bekasi,CAB06,EPM,Apotek
IN6173,2022-01-27,BRG0001,"ACYCLOVIR DUS",4592,DUS,12,IDR,BRG0001,BRND007,206,ETIKAL,CUST55406,"KLINIK SAHABAT",Tangerang,CAB05,EPM,Klinik
IN6174,2022-04-17,BRG0003,AMPICILLIN,5781,DUS,9,IDR,BRG0003,BRND009,210,VNS,CUST55618,"APOTEK SAHABAT",Padang,CAB07,TA,Apotek
IN6175,2022-01-31,BRG0005,"KLORPROMAZINA TABLET SALUT SELAPUT 100 MG",5648,DUS,18,IDR,BRG0005,BRND005,203,SLCYL,CUST55404,"KLINIK GM",Jakarta,CAB03,TD,Klinik
IN6176,2022-01-30,BRG0004,"TRAMADOL KAPSUL 50 MG",8701,DUS,18,IDR,BRG0004,BRND004,201,VNS,CUST55403,"APOTEK MAJA",Kuningan,CAB02,EPM,Apotek
IN6177,2022-03-15,BRG0006,"KETOCONAZOLE TABLET 200 MG",2819,DUS,17,IDR,BRG0006,BRND006,205,"OGB & PH",CUST55585,"APOTEK MERDEKA",Bandung,CAB04,EPM,Apotek
IN6178,2022-05-02,BRG0006,"KETOCONAZOLE TABLET 200 MG",2819,DUS,18,IDR,BRG0006,BRND006,205,"OGB & PH",CUST55695,"APOTEK TAPAK",Aceh,CAB01,TA,Apotek
IN6179,2022-05-24,BRG0010,PARACETAMOL,6940,DUS,8,IDR,BRG0010,BRND010,208,SLCYL,CUST55669,"KLINIK SAHABAT",Tangerang,CAB05,EPM,Klinik
IN6180,2022-04-13,BRG0005,"KLORPROMAZINA TABLET SALUT SELAPUT 100 MG",5648,DUS,98,IDR,BRG0005,BRND005,203,SLCYL,CUST55614,"KLINIK GM",Jakarta,CAB03,TA,Klinik
IN6181,2022-02-07,BRG0010,PARACETAMOL,6940,DUS,130,IDR,BRG0010,BRND010,208,SLCYL,CUST55549,"KLINIK SAHABAT",Tangerang,CAB05,TD,Klinik
IN6182,2022-03-07,BRG0008,"TETRACYCLINE KAPSUL 250 MG",3992,DUS,13,IDR,BRG0008,BRND008,204,MARCKS,CUST55577,"KLINIK GM",Jakarta,CAB03,TA,Klinik
IN6183,2022-01-23,BRG0003,AMPICILLIN,5781,DUS,25,IDR,BRG0003,BRND009,210,VNS,CUST55498,"APOTEK SAHABAT",Padang,CAB07,TD,Apotek
IN6184,2022-01-28,BRG0006,"KETOCONAZOLE TABLET 200 MG",2819,DUS,25,IDR,BRG0006,BRND006,205,"OGB & PH",CUST55395,"APOTEK TAPAK",Aceh,CAB01,TA,Apotek
IN6185,2022-02-01,BRG0004,"TRAMADOL KAPSUL 50 MG",8701,DUS,9,IDR,BRG0004,BRND004,201,VNS,CUST55483,"APOTEK SAHABAT",Padang,CAB07,TA,Apotek
IN6186,2022-01-31,BRG0001,"ACYCLOVIR DUS",1170,DUS,18,IDR,BRG0001,BRND001,206,"OGB & PH",CUST55500,"APOTEK TAPAK",Aceh,CAB01,TA,Apotek
IN6187,2022-04-05,BRG0007,"ERGOTAMINE COFFEINE",4592,DUS,25,IDR,BRG0007,BRND007,206,ETIKAL,CUST55606,"APOTEK MAJA",Kuningan,CAB02,TD,Apotek
IN6188,2022-01-27,BRG0005,"KLORPROMAZINA TABLET SALUT SELAPUT 100 MG",5648,DUS,10,IDR,BRG0005,BRND005,203,SLCYL,CUST55454,"KLINIK DR. ANDRI",Lampung,CAB08,TD,Klinik
IN6189,2022-03-04,BRG0005,"KLORPROMAZINA TABLET SALUT SELAPUT 100 MG",5648,DUS,1,IDR,BRG0005,BRND005,203,SLCYL,CUST55574,"KLINIK DR. ANDRI",Lampung,CAB08,TA,Klinik
IN6190,2022-01-23,BRG0001,"ACYCLOVIR DUS",1170,DUS,2,IDR,BRG0001,BRND001,206,"OGB & PH",CUST55390,"APOTEK MERDEKA",Bandung,CAB04,TD,Apotek
IN6191,2022-01-31,BRG0003,AMPICILLIN,10691,DUS,4,IDR,BRG0003,BRND003,210,MARCKS,CUST55422,"APOTEK SINAR JAYA",Bekasi,CAB06,TA,Apotek
IN6192,2022-05-14,BRG0006,"KETOCONAZOLE TABLET 200 MG",2819,DUS,10,IDR,BRG0006,BRND006,205,"OGB & PH",CUST55645,"APOTEK MERDEKA",Bandung,CAB04,TA,Apotek
IN6193,2022-03-18,BRG0003,AMPICILLIN,5781,DUS,12,IDR,BRG0003,BRND009,210,VNS,CUST55588,"APOTEK SAHABAT",Padang,CAB07,EPM,Apotek
IN6194,2022-04-18,BRG0009,"AMBROXOL HC",5781,DUS,25,IDR,BRG0009,BRND009,207,VNS,CUST55658,"APOTEK MAJA",Kuningan,CAB02,TA,Apotek
IN6195,2022-01-31,BRG0009,"AMBROXOL HC",5781,DUS,67,IDR,BRG0009,BRND009,207,VNS,CUST55398,"APOTEK MERDEKA",Bandung,CAB04,TA,Apotek
IN6196,2022-01-31,BRG0001,"ACYCLOVIR DUS",1170,DUS,45,IDR,BRG0001,BRND001,206,"OGB & PH",CUST55530,"APOTEK TAPAK",Aceh,CAB01,TA,Apotek
IN6197,2022-04-29,BRG0001,"ACYCLOVIR DUS",1170,DUS,34,IDR,BRG0001,BRND001,206,"OGB & PH",CUST55630,"APOTEK MERDEKA",Bandung,CAB04,TD,Apotek
IN6198,2022-06-04,BRG0001,"ACYCLOVIR DUS",1170,DUS,4,IDR,BRG0001,BRND001,206,"OGB & PH",CUST55680,"APOTEK TAPAK",Aceh,CAB01,EPM,Apotek
IN6199,2022-01-28,BRG0010,PARACETAMOL,6940,DUS,25,IDR,BRG0010,BRND010,208,SLCYL,CUST55509,"KLINIK GM",Jakarta,CAB03,TD,Klinik
IN6200,2022-01-28,BRG0004,"TRAMADOL KAPSUL 50 MG",8701,DUS,5,IDR,BRG0004,BRND004,201,VNS,CUST55473,"APOTEK MERDEKA",Bandung,CAB04,TA,Apotek
IN6201,2022-05-23,BRG0009,"AMBROXOL HC",5781,DUS,4,IDR,BRG0009,BRND009,207,VNS,CUST55668,"APOTEK MERDEKA",Bandung,CAB04,TA,Apotek
IN6202,2022-01-23,BRG0003,AMPICILLIN,5781,DUS,34,IDR,BRG0003,BRND009,210,VNS,CUST55528,"APOTEK SAHABAT",Padang,CAB07,EPM,Apotek
IN6203,2022-01-31,BRG0005,"KLORPROMAZINA TABLET SALUT SELAPUT 100 MG",5648,DUS,100,IDR,BRG0005,BRND005,203,SLCYL,CUST55524,"KLINIK GM",Jakarta,CAB03,EPM,Klinik
IN6204,2022-06-16,BRG0008,"TETRACYCLINE KAPSUL 250 MG",3992,DUS,34,IDR,BRG0008,BRND008,204,MARCKS,CUST55727,"KLINIK GM",Jakarta,CAB03,EPM,Klinik
IN6205,2022-01-27,BRG0001,"ACYCLOVIR DUS",1170,DUS,8,IDR,BRG0001,BRND001,206,"OGB & PH",CUST55520,"APOTEK SINAR JAYA",Bekasi,CAB06,TA,Apotek
IN6206,2022-03-12,BRG0003,AMPICILLIN,10691,DUS,23,IDR,BRG0003,BRND003,210,MARCKS,CUST55582,"APOTEK TAPAK",Aceh,CAB01,EPM,Apotek
IN6207,2022-04-04,BRG0006,"KETOCONAZOLE TABLET 200 MG",2819,DUS,12,IDR,BRG0006,BRND006,205,"OGB & PH",CUST55605,"APOTEK TAPAK",Aceh,CAB01,EPM,Apotek
IN6208,2022-01-30,BRG0006,"KETOCONAZOLE TABLET 200 MG",2819,DUS,8,IDR,BRG0006,BRND006,205,"OGB & PH",CUST55475,"APOTEK SINAR JAYA",Bekasi,CAB06,TD,Apotek
IN6209,2022-03-16,BRG0001,"ACYCLOVIR DUS",4592,DUS,11,IDR,BRG0001,BRND007,206,ETIKAL,CUST55586,"KLINIK SAHABAT",Tangerang,CAB05,TD,Klinik
IN6210,2022-01-23,BRG0007,"ERGOTAMINE COFFEINE",4592,DUS,4,IDR,BRG0007,BRND007,206,ETIKAL,CUST55486,"APOTEK MAJA",Kuningan,CAB02,TA,Apotek
IN6211,2022-02-01,BRG0002,"ALERGINE TABLET SALUT",2338,DUS,18,IDR,BRG0002,BRND002,203,ETIKAL,CUST55501,"APOTEK MAJA",Kuningan,CAB02,EPM,Apotek
IN6212,2022-06-05,BRG0002,"ALERGINE TABLET SALUT",2338,DUS,2,IDR,BRG0002,BRND002,203,ETIKAL,CUST55681,"APOTEK MAJA",Kuningan,CAB02,TD,Apotek
IN6213,2022-05-03,BRG0002,"ALERGINE TABLET SALUT",2338,DUS,22,IDR,BRG0002,BRND002,203,ETIKAL,CUST55701,"APOTEK SAHABAT",Padang,CAB07,TD,Apotek
IN6214,2022-01-28,BRG0002,"ALERGINE TABLET SALUT",2338,DUS,21,IDR,BRG0002,BRND002,203,ETIKAL,CUST55461,"APOTEK SAHABAT",Padang,CAB07,TD,Apotek
IN6215,2022-01-23,BRG0001,"ACYCLOVIR DUS",1170,DUS,14,IDR,BRG0001,BRND001,206,"OGB & PH",CUST55510,"APOTEK MERDEKA",Bandung,CAB04,TA,Apotek
IN6216,2022-01-23,BRG0007,"ERGOTAMINE COFFEINE",4592,DUS,98,IDR,BRG0007,BRND007,206,ETIKAL,CUST55456,"APOTEK MAJA",Kuningan,CAB02,TA,Apotek
IN6217,2022-01-23,BRG0003,AMPICILLIN,5781,DUS,5,IDR,BRG0003,BRND009,210,VNS,CUST55438,"APOTEK SAHABAT",Padang,CAB07,TD,Apotek
IN6218,2022-04-17,BRG0010,PARACETAMOL,6940,DUS,21,IDR,BRG0010,BRND010,208,SLCYL,CUST55639,"KLINIK SAHABAT",Tangerang,CAB05,EPM,Klinik
IN6219,2022-01-27,BRG0001,"ACYCLOVIR DUS",4592,DUS,34,IDR,BRG0001,BRND007,206,ETIKAL,CUST55436,"KLINIK SAHABAT",Tangerang,CAB05,TA,Klinik
IN6220,2022-01-23,BRG0005,"KLORPROMAZINA TABLET SALUT SELAPUT 100 MG",5648,DUS,48,IDR,BRG0005,BRND005,203,SLCYL,CUST55444,"KLINIK SAHABAT",Tangerang,CAB05,TD,Klinik
IN6221,2022-01-23,BRG0005,"KLORPROMAZINA TABLET SALUT SELAPUT 100 MG",5648,DUS,25,IDR,BRG0005,BRND005,203,SLCYL,CUST55504,"KLINIK SAHABAT",Tangerang,CAB05,EPM,Klinik
IN6222,2022-06-02,BRG0003,AMPICILLIN,5781,DUS,1,IDR,BRG0003,BRND009,210,VNS,CUST55678,"APOTEK SAHABAT",Padang,CAB07,TD,Apotek
IN6223,2022-05-02,BRG0004,"TRAMADOL KAPSUL 50 MG",8701,DUS,6,IDR,BRG0004,BRND004,201,VNS,CUST55633,"APOTEK SAHABAT",Padang,CAB07,TD,Apotek
IN6224,2022-02-17,BRG0004,"TRAMADOL KAPSUL 50 MG",6940,DUS,22,IDR,BRG0004,BRND010,201,SLCYL,CUST55559,"KLINIK DR. ANDRI",Lampung,CAB08,TD,Klinik
IN6225,2022-04-30,BRG0002,"ALERGINE TABLET SALUT",2338,DUS,44,IDR,BRG0002,BRND002,203,ETIKAL,CUST55631,"KLINIK SAHABAT",Tangerang,CAB05,TA,Klinik
IN6226,2022-01-31,BRG0007,"ERGOTAMINE COFFEINE",4592,DUS,23,IDR,BRG0007,BRND007,206,ETIKAL,CUST55416,"APOTEK SAHABAT",Padang,CAB07,EPM,Apotek
IN6227,2022-04-10,BRG0002,"ALERGINE TABLET SALUT",2338,DUS,12,IDR,BRG0002,BRND002,203,ETIKAL,CUST55611,"APOTEK SAHABAT",Padang,CAB07,TA,Apotek
IN6228,2022-01-27,BRG0009,"AMBROXOL HC",5781,DUS,12,IDR,BRG0009,BRND009,207,VNS,CUST55508,"APOTEK MAJA",Kuningan,CAB02,TD,Apotek
IN6229,2022-03-05,BRG0006,"KETOCONAZOLE TABLET 200 MG",2819,DUS,5,IDR,BRG0006,BRND006,205,"OGB & PH",CUST55575,"APOTEK TAPAK",Aceh,CAB01,EPM,Apotek
IN6230,2022-01-28,BRG0004,"TRAMADOL KAPSUL 50 MG",8701,DUS,14,IDR,BRG0004,BRND004,201,VNS,CUST55413,"APOTEK MERDEKA",Bandung,CAB04,EPM,Apotek
IN6231,2022-02-21,BRG0004,"TRAMADOL KAPSUL 50 MG",8701,DUS,24,IDR,BRG0004,BRND004,201,VNS,CUST55563,"APOTEK MERDEKA",Bandung,CAB04,TD,Apotek
IN6232,2022-04-08,BRG0010,PARACETAMOL,6940,DUS,10,IDR,BRG0010,BRND010,208,SLCYL,CUST55609,"KLINIK SAHABAT",Tangerang,CAB05,EPM,Klinik
IN6233,2022-01-23,BRG0001,"ACYCLOVIR DUS",1170,DUS,24,IDR,BRG0001,BRND001,206,"OGB & PH",CUST55450,"APOTEK MERDEKA",Bandung,CAB04,EPM,Apotek
IN6234,2022-02-10,BRG0003,AMPICILLIN,10691,DUS,67,IDR,BRG0003,BRND003,210,MARCKS,CUST55552,"APOTEK TAPAK",Aceh,CAB01,TD,Apotek
IN6235,2022-01-30,BRG0002,"ALERGINE TABLET SALUT",2338,DUS,10,IDR,BRG0002,BRND002,203,ETIKAL,CUST55451,"KLINIK SAHABAT",Tangerang,CAB05,TD,Klinik
IN6236,2022-06-08,BRG0005,"KLORPROMAZINA TABLET SALUT SELAPUT 100 MG",5648,DUS,12,IDR,BRG0005,BRND005,203,SLCYL,CUST55684,"KLINIK SAHABAT",Tangerang,CAB05,TD,Klinik
IN6237,2022-04-18,BRG0004,"TRAMADOL KAPSUL 50 MG",6940,DUS,10,IDR,BRG0004,BRND010,201,SLCYL,CUST55619,"KLINIK DR. ANDRI",Lampung,CAB08,EPM,Klinik
IN6238,2022-01-27,BRG0001,"ACYCLOVIR DUS",1170,DUS,9,IDR,BRG0001,BRND001,206,"OGB & PH",CUST55460,"APOTEK SINAR JAYA",Bekasi,CAB06,EPM,Apotek
IN6239,2022-03-02,BRG0003,AMPICILLIN,10691,DUS,8,IDR,BRG0003,BRND003,210,MARCKS,CUST55572,"APOTEK SINAR JAYA",Bekasi,CAB06,EPM,Apotek
IN6240,2022-01-30,BRG0002,"ALERGINE TABLET SALUT",2338,DUS,48,IDR,BRG0002,BRND002,203,ETIKAL,CUST55541,"KLINIK SAHABAT",Tangerang,CAB05,EPM,Klinik
IN6241,2022-01-31,BRG0001,"ACYCLOVIR DUS",1170,DUS,79,IDR,BRG0001,BRND001,206,"OGB & PH",CUST55440,"APOTEK TAPAK",Aceh,CAB01,EPM,Apotek
IN6242,2022-01-23,BRG0005,"KLORPROMAZINA TABLET SALUT SELAPUT 100 MG",5648,DUS,44,IDR,BRG0005,BRND005,203,SLCYL,CUST55534,"KLINIK SAHABAT",Tangerang,CAB05,EPM,Klinik
IN6243,2022-02-01,BRG0006,"KETOCONAZOLE TABLET 200 MG",2819,DUS,67,IDR,BRG0006,BRND006,205,"OGB & PH",CUST55525,"APOTEK MERDEKA",Bandung,CAB04,TD,Apotek
IN6244,2022-01-31,BRG0003,AMPICILLIN,10691,DUS,21,IDR,BRG0003,BRND003,210,MARCKS,CUST55542,"APOTEK SINAR JAYA",Bekasi,CAB06,TD,Apotek
IN6245,2022-01-30,BRG0008,"TETRACYCLINE KAPSUL 250 MG",3992,DUS,34,IDR,BRG0008,BRND008,204,MARCKS,CUST55397,"KLINIK GM",Jakarta,CAB03,TD,Klinik
IN6246,2022-01-28,BRG0004,"TRAMADOL KAPSUL 50 MG",8701,DUS,34,IDR,BRG0004,BRND004,201,VNS,CUST55533,"APOTEK MERDEKA",Bandung,CAB04,TA,Apotek
IN6247,2022-01-28,BRG0006,"KETOCONAZOLE TABLET 200 MG",2819,DUS,10,IDR,BRG0006,BRND006,205,"OGB & PH",CUST55425,"APOTEK TAPAK",Aceh,CAB01,TA,Apotek
IN6248,2022-01-30,BRG0008,"TETRACYCLINE KAPSUL 250 MG",3992,DUS,100,IDR,BRG0008,BRND008,204,MARCKS,CUST55427,"KLINIK GM",Jakarta,CAB03,TD,Klinik
IN6249,2022-04-30,BRG0004,"TRAMADOL KAPSUL 50 MG",8701,DUS,25,IDR,BRG0004,BRND004,201,VNS,CUST55703,"APOTEK MAJA",Kuningan,CAB02,EPM,Apotek
IN6250,2022-03-17,BRG0002,"ALERGINE TABLET SALUT",3992,DUS,12,IDR,BRG0002,BRND008,203,MARCKS,CUST55587,"APOTEK SINAR JAYA",Bekasi,CAB06,TA,Apotek
IN6251,2022-01-23,BRG0008,"TETRACYCLINE KAPSUL 250 MG",3992,DUS,1,IDR,BRG0008,BRND008,204,MARCKS,CUST55387,"APOTEK TAPAK",Aceh,CAB01,TD,Apotek
IN6252,2022-05-18,BRG0004,"TRAMADOL KAPSUL 50 MG",6940,DUS,67,IDR,BRG0004,BRND010,201,SLCYL,CUST55649,"KLINIK DR. ANDRI",Lampung,CAB08,EPM,Klinik
IN6253,2022-01-28,BRG0002,"ALERGINE TABLET SALUT",2338,DUS,34,IDR,BRG0002,BRND002,203,ETIKAL,CUST55431,"APOTEK SAHABAT",Padang,CAB07,TD,Apotek
IN6254,2022-02-02,BRG0005,"KLORPROMAZINA TABLET SALUT SELAPUT 100 MG",5648,DUS,12,IDR,BRG0005,BRND005,203,SLCYL,CUST55544,"KLINIK DR. ANDRI",Lampung,CAB08,TA,Klinik
IN6255,2022-01-31,BRG0007,"ERGOTAMINE COFFEINE",4592,DUS,22,IDR,BRG0007,BRND007,206,ETIKAL,CUST55446,"APOTEK SAHABAT",Padang,CAB07,TA,Apotek
IN6256,2022-01-30,BRG0004,"TRAMADOL KAPSUL 50 MG",8701,DUS,12,IDR,BRG0004,BRND004,201,VNS,CUST55463,"APOTEK MAJA",Kuningan,CAB02,TA,Apotek
IN6257,2022-04-14,BRG0006,"KETOCONAZOLE TABLET 200 MG",2819,DUS,5,IDR,BRG0006,BRND006,205,"OGB & PH",CUST55615,"APOTEK MERDEKA",Bandung,CAB04,EPM,Apotek
IN6258,2022-01-27,BRG0005,"KLORPROMAZINA TABLET SALUT SELAPUT 100 MG",5648,DUS,1,IDR,BRG0005,BRND005,203,SLCYL,CUST55484,"KLINIK DR. ANDRI",Lampung,CAB08,EPM,Klinik
IN6259,2022-02-01,BRG0006,"KETOCONAZOLE TABLET 200 MG",2819,DUS,19,IDR,BRG0006,BRND006,205,"OGB & PH",CUST55405,"APOTEK MERDEKA",Bandung,CAB04,TA,Apotek
IN6260,2022-02-22,BRG0005,"KLORPROMAZINA TABLET SALUT SELAPUT 100 MG",5648,DUS,10,IDR,BRG0005,BRND005,203,SLCYL,CUST55564,"KLINIK SAHABAT",Tangerang,CAB05,TA,Klinik
IN6261,2022-02-05,BRG0008,"TETRACYCLINE KAPSUL 250 MG",3992,DUS,24,IDR,BRG0008,BRND008,204,MARCKS,CUST55547,"KLINIK GM",Jakarta,CAB03,TA,Klinik
IN6262,2022-01-28,BRG0010,PARACETAMOL,6940,DUS,67,IDR,BRG0010,BRND010,208,SLCYL,CUST55419,"KLINIK GM",Jakarta,CAB03,TA,Klinik
IN6263,2022-01-31,BRG0003,AMPICILLIN,10691,DUS,130,IDR,BRG0003,BRND003,210,MARCKS,CUST55452,"APOTEK SINAR JAYA",Bekasi,CAB06,TA,Apotek
IN6264,2022-06-14,BRG0001,"ACYCLOVIR DUS",1170,DUS,15,IDR,BRG0001,BRND001,206,"OGB & PH",CUST55690,"APOTEK MERDEKA",Bandung,CAB04,EPM,Apotek
IN6265,2022-04-30,BRG0009,"AMBROXOL HC",5781,DUS,25,IDR,BRG0009,BRND009,207,VNS,CUST55698,"APOTEK MERDEKA",Bandung,CAB04,TD,Apotek
IN6266,2022-02-01,BRG0002,"ALERGINE TABLET SALUT",2338,DUS,34,IDR,BRG0002,BRND002,203,ETIKAL,CUST55531,"APOTEK MAJA",Kuningan,CAB02,EPM,Apotek
IN6267,2022-02-01,BRG0010,PARACETAMOL,6940,DUS,8,IDR,BRG0010,BRND010,208,SLCYL,CUST55459,"KLINIK SAHABAT",Tangerang,CAB05,TA,Klinik
IN6268,2022-06-16,BRG0003,AMPICILLIN,10691,DUS,25,IDR,BRG0003,BRND003,210,MARCKS,CUST55692,"APOTEK SINAR JAYA",Bekasi,CAB06,TA,Apotek
IN6269,2022-02-01,BRG0004,"TRAMADOL KAPSUL 50 MG",8701,DUS,12,IDR,BRG0004,BRND004,201,VNS,CUST55453,"APOTEK SAHABAT",Padang,CAB07,EPM,Apotek
IN6270,2022-05-03,BRG0007,"ERGOTAMINE COFFEINE",4592,DUS,19,IDR,BRG0007,BRND007,206,ETIKAL,CUST55696,"APOTEK MAJA",Kuningan,CAB02,EPM,Apotek
IN6271,2022-04-03,BRG0005,"KLORPROMAZINA TABLET SALUT SELAPUT 100 MG",5648,DUS,22,IDR,BRG0005,BRND005,203,SLCYL,CUST55604,"KLINIK DR. ANDRI",Lampung,CAB08,TA,Klinik
IN6272,2022-05-19,BRG0001,"ACYCLOVIR DUS",1170,DUS,98,IDR,BRG0001,BRND001,206,"OGB & PH",CUST55650,"APOTEK TAPAK",Aceh,CAB01,TD,Apotek
IN6273,2022-05-03,BRG0005,"KLORPROMAZINA TABLET SALUT SELAPUT 100 MG",5648,DUS,79,IDR,BRG0005,BRND005,203,SLCYL,CUST55634,"KLINIK DR. ANDRI",Lampung,CAB08,TD,Klinik
IN6274,2022-02-01,BRG0004,"TRAMADOL KAPSUL 50 MG",8701,DUS,8,IDR,BRG0004,BRND004,201,VNS,CUST55423,"APOTEK SAHABAT",Padang,CAB07,EPM,Apotek
IN6275,2022-02-26,BRG0009,"AMBROXOL HC",5781,DUS,67,IDR,BRG0009,BRND009,207,VNS,CUST55568,"APOTEK MAJA",Kuningan,CAB02,EPM,Apotek
IN6276,2022-01-30,BRG0002,"ALERGINE TABLET SALUT",2338,DUS,1,IDR,BRG0002,BRND002,203,ETIKAL,CUST55481,"KLINIK SAHABAT",Tangerang,CAB05,TD,Klinik
IN6277,2022-04-28,BRG0010,PARACETAMOL,6940,DUS,34,IDR,BRG0010,BRND010,208,SLCYL,CUST55629,"KLINIK GM",Jakarta,CAB03,EPM,Klinik
IN6278,2022-01-30,BRG0004,"TRAMADOL KAPSUL 50 MG",6940,DUS,14,IDR,BRG0004,BRND010,201,SLCYL,CUST55499,"KLINIK DR. ANDRI",Lampung,CAB08,TD,Klinik
IN6279,2022-01-30,BRG0004,"TRAMADOL KAPSUL 50 MG",6940,DUS,20,IDR,BRG0004,BRND010,201,SLCYL,CUST55529,"KLINIK DR. ANDRI",Lampung,CAB08,TD,Klinik
IN6280,2022-01-23,BRG0005,"KLORPROMAZINA TABLET SALUT SELAPUT 100 MG",5648,DUS,1,IDR,BRG0005,BRND005,203,SLCYL,CUST55384,"KLINIK SAHABAT",Tangerang,CAB05,TD,Klinik
IN6281,2022-01-30,BRG0006,"KETOCONAZOLE TABLET 200 MG",2819,DUS,10,IDR,BRG0006,BRND006,205,"OGB & PH",CUST55415,"APOTEK SINAR JAYA",Bekasi,CAB06,TA,Apotek
IN6282,2022-05-28,BRG0004,"TRAMADOL KAPSUL 50 MG",8701,DUS,9,IDR,BRG0004,BRND004,201,VNS,CUST55673,"APOTEK MAJA",Kuningan,CAB02,EPM,Apotek
IN6283,2022-05-19,BRG0005,"KLORPROMAZINA TABLET SALUT SELAPUT 100 MG",5648,DUS,10,IDR,BRG0005,BRND005,203,SLCYL,CUST55664,"KLINIK DR. ANDRI",Lampung,CAB08,TD,Klinik
IN6284,2022-01-23,BRG0001,"ACYCLOVIR DUS",1170,DUS,76,IDR,BRG0001,BRND001,206,"OGB & PH",CUST55540,"APOTEK MERDEKA",Bandung,CAB04,TA,Apotek
IN6285,2022-05-15,BRG0001,"ACYCLOVIR DUS",4592,DUS,130,IDR,BRG0001,BRND007,206,ETIKAL,CUST55646,"KLINIK SAHABAT",Tangerang,CAB05,EPM,Klinik
IN6286,2022-01-23,BRG0003,AMPICILLIN,5781,DUS,120,IDR,BRG0003,BRND009,210,VNS,CUST55468,"APOTEK SAHABAT",Padang,CAB07,TD,Apotek
IN6287,2022-01-30,BRG0002,"ALERGINE TABLET SALUT",2338,DUS,17,IDR,BRG0002,BRND002,203,ETIKAL,CUST55391,"KLINIK SAHABAT",Tangerang,CAB05,TD,Klinik
IN6288,2022-06-06,BRG0003,AMPICILLIN,10691,DUS,17,IDR,BRG0003,BRND003,210,MARCKS,CUST55682,"KLINIK GM",Jakarta,CAB03,TA,Klinik
IN6289,2022-01-23,BRG0003,AMPICILLIN,10691,DUS,25,IDR,BRG0003,BRND003,210,MARCKS,CUST55492,"APOTEK TAPAK",Aceh,CAB01,TD,Apotek
IN6290,2022-03-22,BRG0003,AMPICILLIN,10691,DUS,67,IDR,BRG0003,BRND003,210,MARCKS,CUST55592,"KLINIK GM",Jakarta,CAB03,EPM,Klinik
IN6291,2022-02-01,BRG0010,PARACETAMOL,6940,DUS,11,IDR,BRG0010,BRND010,208,SLCYL,CUST55489,"KLINIK SAHABAT",Tangerang,CAB05,TD,Klinik
IN6292,2022-01-28,BRG0002,"ALERGINE TABLET SALUT",3992,DUS,10,IDR,BRG0002,BRND008,203,MARCKS,CUST55467,"APOTEK SINAR JAYA",Bekasi,CAB06,EPM,Apotek
IN6293,2022-02-01,BRG0010,PARACETAMOL,6940,DUS,4,IDR,BRG0010,BRND010,208,SLCYL,CUST55519,"KLINIK SAHABAT",Tangerang,CAB05,TD,Klinik
IN6294,2022-05-03,BRG0002,"ALERGINE TABLET SALUT",2338,DUS,98,IDR,BRG0002,BRND002,203,ETIKAL,CUST55711,"APOTEK MAJA",Kuningan,CAB02,TD,Apotek
IN6295,2022-05-22,BRG0004,"TRAMADOL KAPSUL 50 MG",8701,DUS,8,IDR,BRG0004,BRND004,201,VNS,CUST55653,"APOTEK MERDEKA",Bandung,CAB04,EPM,Apotek
IN6296,2022-06-09,BRG0006,"KETOCONAZOLE TABLET 200 MG",2819,DUS,12,IDR,BRG0006,BRND006,205,"OGB & PH",CUST55685,"APOTEK SINAR JAYA",Bekasi,CAB06,TA,Apotek
IN6297,2022-01-20,BRG0002,"ALERGINE TABLET SALUT",2338,DUS,5,IDR,BRG0002,BRND002,203,ETIKAL,CUST55381,"APOTEK MAJA",Kuningan,CAB02,TD,Apotek
IN6298,2022-05-21,BRG0003,AMPICILLIN,10691,DUS,4,IDR,BRG0003,BRND003,210,MARCKS,CUST55652,"KLINIK GM",Jakarta,CAB03,TA,Klinik
IN6299,2022-01-27,BRG0005,"KLORPROMAZINA TABLET SALUT SELAPUT 100 MG",5648,DUS,12,IDR,BRG0005,BRND005,203,SLCYL,CUST55514,"KLINIK DR. ANDRI",Lampung,CAB08,EPM,Klinik
IN6300,2022-02-01,BRG0008,"TETRACYCLINE KAPSUL 250 MG",3992,DUS,22,IDR,BRG0008,BRND008,204,MARCKS,CUST55507,"APOTEK TAPAK",Aceh,CAB01,EPM,Apotek
IN6301,2022-02-01,BRG0004,"TRAMADOL KAPSUL 50 MG",8701,DUS,12,IDR,BRG0004,BRND004,201,VNS,CUST55393,"APOTEK SAHABAT",Padang,CAB07,EPM,Apotek
IN6302,2022-02-23,BRG0006,"KETOCONAZOLE TABLET 200 MG",2819,DUS,120,IDR,BRG0006,BRND006,205,"OGB & PH",CUST55565,"APOTEK SINAR JAYA",Bekasi,CAB06,EPM,Apotek
IN6303,2022-01-28,BRG0010,PARACETAMOL,6940,DUS,95,IDR,BRG0010,BRND010,208,SLCYL,CUST55539,"KLINIK GM",Jakarta,CAB03,TD,Klinik
IN6304,2022-04-30,BRG0009,"AMBROXOL HC",5781,DUS,44,IDR,BRG0009,BRND009,207,VNS,CUST55728,"APOTEK MERDEKA",Bandung,CAB04,TD,Apotek
IN6305,2022-01-30,BRG0004,"TRAMADOL KAPSUL 50 MG",8701,DUS,14,IDR,BRG0004,BRND004,201,VNS,CUST55493,"APOTEK MAJA",Kuningan,CAB02,TA,Apotek
IN6306,2022-01-27,BRG0001,"ACYCLOVIR DUS",1170,DUS,45,IDR,BRG0001,BRND001,206,"OGB & PH",CUST55430,"APOTEK SINAR JAYA",Bekasi,CAB06,EPM,Apotek
IN6307,2022-01-23,BRG0007,"ERGOTAMINE COFFEINE",4592,DUS,14,IDR,BRG0007,BRND007,206,ETIKAL,CUST55396,"APOTEK MAJA",Kuningan,CAB02,EPM,Apotek
IN6308,2022-01-23,BRG0007,"ERGOTAMINE COFFEINE",4592,DUS,67,IDR,BRG0007,BRND007,206,ETIKAL,CUST55516,"APOTEK MAJA",Kuningan,CAB02,TD,Apotek
IN6309,2022-04-26,BRG0008,"TETRACYCLINE KAPSUL 250 MG",3992,DUS,45,IDR,BRG0008,BRND008,204,MARCKS,CUST55627,"APOTEK TAPAK",Aceh,CAB01,TD,Apotek
IN6310,2022-04-30,BRG0004,"TRAMADOL KAPSUL 50 MG",8701,DUS,14,IDR,BRG0004,BRND004,201,VNS,CUST55693,"APOTEK SAHABAT",Padang,CAB07,EPM,Apotek
IN6311,2022-01-23,BRG0007,"ERGOTAMINE COFFEINE",4592,DUS,7,IDR,BRG0007,BRND007,206,ETIKAL,CUST55426,"APOTEK MAJA",Kuningan,CAB02,EPM,Apotek
IN6312,2022-05-02,BRG0006,"KETOCONAZOLE TABLET 200 MG",2819,DUS,34,IDR,BRG0006,BRND006,205,"OGB & PH",CUST55725,"APOTEK TAPAK",Aceh,CAB01,TD,Apotek
IN6313,2022-04-20,BRG0001,"ACYCLOVIR DUS",1170,DUS,24,IDR,BRG0001,BRND001,206,"OGB & PH",CUST55660,"APOTEK MERDEKA",Bandung,CAB04,TD,Apotek
IN6314,2022-01-28,BRG0002,"ALERGINE TABLET SALUT",3992,DUS,45,IDR,BRG0002,BRND008,203,MARCKS,CUST55527,"APOTEK SINAR JAYA",Bekasi,CAB06,TA,Apotek
IN6315,2022-04-21,BRG0004,"TRAMADOL KAPSUL 50 MG",8701,DUS,14,IDR,BRG0004,BRND004,201,VNS,CUST55643,"APOTEK MAJA",Kuningan,CAB02,TD,Apotek
IN6316,2022-04-19,BRG0003,AMPICILLIN,10691,DUS,120,IDR,BRG0003,BRND003,210,MARCKS,CUST55662,"APOTEK SINAR JAYA",Bekasi,CAB06,TA,Apotek
IN6317,2022-01-23,BRG0003,AMPICILLIN,10691,DUS,10,IDR,BRG0003,BRND003,210,MARCKS,CUST55522,"APOTEK TAPAK",Aceh,CAB01,TD,Apotek
IN6318,2022-01-23,BRG0003,AMPICILLIN,10691,DUS,22,IDR,BRG0003,BRND003,210,MARCKS,CUST55462,"APOTEK TAPAK",Aceh,CAB01,TD,Apotek
IN6319,2022-02-11,BRG0004,"TRAMADOL KAPSUL 50 MG",8701,DUS,98,IDR,BRG0004,BRND004,201,VNS,CUST55553,"APOTEK MAJA",Kuningan,CAB02,TD,Apotek
IN6320,2022-02-01,BRG0006,"KETOCONAZOLE TABLET 200 MG",2819,DUS,67,IDR,BRG0006,BRND006,205,"OGB & PH",CUST55495,"APOTEK MERDEKA",Bandung,CAB04,TD,Apotek
IN6321,2022-01-31,BRG0001,"ACYCLOVIR DUS",1170,DUS,22,IDR,BRG0001,BRND001,206,"OGB & PH",CUST55410,"APOTEK TAPAK",Aceh,CAB01,EPM,Apotek
IN6322,2022-01-31,BRG0009,"AMBROXOL HC",5781,DUS,17,IDR,BRG0009,BRND009,207,VNS,CUST55488,"APOTEK MERDEKA",Bandung,CAB04,TD,Apotek
IN6323,2022-01-30,BRG0004,"TRAMADOL KAPSUL 50 MG",6940,DUS,6,IDR,BRG0004,BRND010,201,SLCYL,CUST55439,"KLINIK DR. ANDRI",Lampung,CAB08,TA,Klinik
IN6324,2022-06-10,BRG0007,"ERGOTAMINE COFFEINE",4592,DUS,25,IDR,BRG0007,BRND007,206,ETIKAL,CUST55686,"APOTEK SAHABAT",Padang,CAB07,EPM,Apotek
IN6325,2022-01-28,BRG0002,"ALERGINE TABLET SALUT",2338,DUS,9,IDR,BRG0002,BRND002,203,ETIKAL,CUST55521,"APOTEK SAHABAT",Padang,CAB07,EPM,Apotek
IN6326,2022-01-31,BRG0009,"AMBROXOL HC",5781,DUS,4,IDR,BRG0009,BRND009,207,VNS,CUST55458,"APOTEK MERDEKA",Bandung,CAB04,TD,Apotek
IN6327,2022-01-27,BRG0009,"AMBROXOL HC",5781,DUS,25,IDR,BRG0009,BRND009,207,VNS,CUST55448,"APOTEK MAJA",Kuningan,CAB02,TD,Apotek
